<?xml version="1.0" encoding="UTF-8"?>
<blueprint xmlns="http://www.osgi.org/xmlns/blueprint/v1.0.0"
           xmlns:xsi="http://www.w3.org/2001/XMLSchema-instance"
           xmlns:camel="http://camel.apache.org/schema/blueprint" xsi:schemaLocation="
 http://www.osgi.org/xmlns/blueprint/v1.0.0 https://www.osgi.org/xmlns/blueprint/v1.0.0/blueprint.xsd
 http://camel.apache.org/schema/blueprint https://camel.apache.org/schema/blueprint/camel-blueprint-3.3.0.xsd">

    <camel:sslContextParameters id="serverSslContext" certAlias="1.0.1">
        <camel:keyManagers keyPassword="password">
            <camel:keyStore resource="etc/idscp2/aisecconnector1-keystore.p12" password="password"/>
        </camel:keyManagers>
        <camel:trustManagers>
            <camel:keyStore resource="etc/idscp2/client-truststore_new.p12" password="password"/>
        </camel:trustManagers>
    </camel:sslContextParameters>

    <camelContext xmlns="http://camel.apache.org/schema/blueprint">

        <route id="idscp2Server">
            <from uri="timer://tenSecondsTimer?fixedRate=true&amp;period=10000"/>
            <setBody>
                <simple>BROADCAST</simple>
            </setBody>
            <setHeader name="idscp2-header">
                <simple>broadcast</simple>
            </setHeader>
            <log message="Server broadcast to connected clients: ${body} (Header: ${headers[idscp2-header]})"/>
            <to uri="idscp2server://0.0.0.0:29292?sslContextParameters=#serverSslContext"/>
        </route>

    </camelContext>

</blueprint>
