<?xml version="1.0" encoding="UTF-8"?>
<blueprint xmlns="http://www.osgi.org/xmlns/blueprint/v1.0.0"
           xmlns:xsi="http://www.w3.org/2001/XMLSchema-instance"
           xmlns:camel="http://camel.apache.org/schema/blueprint" xsi:schemaLocation="
 http://www.osgi.org/xmlns/blueprint/v1.0.0 https://www.osgi.org/xmlns/blueprint/v1.0.0/blueprint.xsd
 http://camel.apache.org/schema/blueprint https://camel.apache.org/schema/blueprint/camel-blueprint-3.3.0.xsd">

    <camel:sslContextParameters id="clientSslContext" certAlias="1.0.1">
        <camel:keyManagers keyPassword="password">
            <camel:keyStore resource="etc/idscp2/aisecconnector1-keystore.jks" password="password"/>
        </camel:keyManagers>
        <camel:trustManagers>
            <camel:keyStore resource="etc/idscp2/client-truststore_new.jks" password="password"/>
        </camel:trustManagers>
    </camel:sslContextParameters>

    <camelContext xmlns="http://camel.apache.org/schema/blueprint">

        <route id="idscp2SenderClient">
            <from uri="timer://tenSecondsTimer?fixedRate=true&amp;period=10000"/>
            <setBody>
                <simple>PING</simple>
            </setBody>
            <setHeader name="idscp2.type">
                <simple>ping</simple>
            </setHeader>
            <log message="Client sends: ${body} (idscp2.type: ${headers[idscp2.type]})"/>
            <to uri="idscp2client://localhost:29292?connectionShareId=pingPongConnection&amp;sslContextParameters=#clientSslContext"/>
        </route>

        <route id="idscp2ReceiverClient">
            <from uri="idscp2client://localhost:29292?connectionShareId=pingPongConnection&amp;sslContextParameters=#clientSslContext"/>
            <log message="Client received: ${body} (idscp2.type: ${headers[idscp2.type]})"/>
            <!-- Prevents the client consumer from sending the message back to the server -->
            <removeHeader headerName="idscp2.type"/>
        </route>

    </camelContext>

</blueprint>
