<?xml version="1.0" encoding="UTF-8"?>
<blueprint xmlns="http://www.osgi.org/xmlns/blueprint/v1.0.0"
           xmlns:xsi="http://www.w3.org/2001/XMLSchema-instance"
           xmlns:camel="http://camel.apache.org/schema/blueprint" xsi:schemaLocation="
 http://www.osgi.org/xmlns/blueprint/v1.0.0 https://www.osgi.org/xmlns/blueprint/v1.0.0/blueprint.xsd
 http://camel.apache.org/schema/blueprint https://camel.apache.org/schema/blueprint/camel-blueprint-3.3.0.xsd">

    <camel:sslContextParameters id="clientSslContext" certAlias="1.0.1">
        <camel:keyManagers keyPassword="password">
            <camel:keyStore resource="etc/consumer-keystore.p12" password="password"/>
        </camel:keyManagers>
        <camel:trustManagers>
            <camel:keyStore resource="etc/truststore.p12" password="password"/>
        </camel:trustManagers>
    </camel:sslContextParameters>

    <camelContext xmlns="http://camel.apache.org/schema/blueprint">

        <route id="idscp2ReceiverClient">
            <from uri="idscp2client://provider-core:29292?sslContextParameters=#clientSslContext"/>
            <log message="Client received: ${body} (Header: ${headers[idscp2-header]})"/>
            <!-- Prevents the client consumer from sending the message back to the server -->
            <removeHeader headerName="idscp2-header"/>
            <setBody>
                <simple>${null}</simple>
            </setBody>
        </route>

    </camelContext>

</blueprint>
