{
  "rulesDirectory": [
    "node_modules/codelyzer"
  ],
  "extends": [
    "tslint:recommended"
  ],
  "rules": {
    "curly": true,
    "comment-format": false,
    "component-selector": false,
    "completed-docs": false,
    "deprecation": {
      "severity": "warning"
    },
    "whitespace": false,
    "trailing-comma": [
      true,
      {
        "multiline": "never",
        "singleline": "never"
      }
    ],
    "template-i18n": false,
    "no-unused-css": false,
    "prefer-template": false,
    "no-import-side-effect": false,
    "template-cyclomatic-complexity": false
  }
}